Role_Search,Title,Company,Location,Experience,Salary,Skills,Min_Exp,Max_Exp,Avg_Exp,Min_Salary,Max_Salary,City,Role_Category,Skills_List
software developer,Software Developer (Hiring Freshers) !!!! WALK IN !!!!,Webilesk Infotech,,,1-1.25 Lacs PA,PHPHTMLSQLCSSJavascriptDevelopmentSoftware developmentHiring,,,,1.0,1.0,nan,Developer,phphtmlsqlcssjavascriptdevelopmentsoftware developmenthiring
software developer,Software Developer,Amazon,Chennai,0-2 Yrs,,JavaPythonSoftware DevelopmentDevelopmentSoftware,0.0,2.0,1.0,,,Chennai,Developer,javapythonsoftware developmentdevelopmentsoftware
software developer,Software Developer Intern/Fresher,Binary Republik,Ahmedabad,,Unpaid,,,,,,,Ahmedabad,Developer,nan
software developer,Software Developer Trainee / Intern,Liangtuang Technologies,Noida,,Unpaid,,,,,,,Noida,Developer,nan
software developer,Software Developer,athenahealth,Bengaluru,0-2 Yrs,,JavaSpring BootAWSMicroservicesSoftware developmentSoftwareBootSpring,0.0,2.0,1.0,,,Bengaluru,Developer,javaspring bootawsmicroservicessoftware developmentsoftwarebootspring
software developer,Software Developer 5,Oracle,Bengaluru,0-7 Yrs,,Operating systemsCloud ServicesDebuggingManager TechnologyApplication softwareTroubleshootingSoftware developmentTechnology,0.0,7.0,3.5,,,Bengaluru,Developer,operating systemscloud servicesdebuggingmanager technologyapplication softwaretroubleshootingsoftware developmenttechnology
software developer,Software Developer,Pyrotech Workspace Solutions,Udaipur,0-4 Yrs,,Software DeveloperSoftware developmentDevelopmentSoftware,0.0,4.0,2.0,,,Udaipur,Developer,software developersoftware developmentdevelopmentsoftware
software developer,Software Developer,Barclays,Pune,0-7 Yrs,,Data analysisFront endSenior AnalystCodingApplication developmentSchedulingInvestment bankingUnit testing,0.0,7.0,3.5,,,Pune,Developer,data analysisfront endsenior analystcodingapplication developmentschedulinginvestment bankingunit testing
software developer,Software Developer,BVM Web Solutions,Jaipur,0-3 Yrs,,c++csshibernatejquerysqlspringjavaoops,0.0,3.0,1.5,,,Jaipur,Developer,c++csshibernatejquerysqlspringjavaoops
software developer,Software Developer,Rhombus Infotech,Mohali,0-1 Yrs,,c#interfacesc++pythoncsssoftware developmentsoftware testingsystem testing,0.0,1.0,0.5,,,Mohali,Developer,c#interfacesc++pythoncsssoftware developmentsoftware testingsystem testing
software developer,Software Developer,BVM Web Solutions,Jaipur,0-3 Yrs,,PDFWeb technologiesWeb developmentPHPHRIOSSoftware solutionsAndroid,0.0,3.0,1.5,,,Jaipur,Developer,pdfweb technologiesweb developmentphphriossoftware solutionsandroid
software developer,Software Developer,Barclays,Pune,0-7 Yrs,,Performance tuningMavenMS SQLVersion controlSenior AnalystCodingDebuggingUnit testing,0.0,7.0,3.5,,,Pune,Developer,performance tuningmavenms sqlversion controlsenior analystcodingdebuggingunit testing
software developer,Software Developer,Coaxial Global Services,Nagercoil,0-5 Yrs,,Software DeveloperSoftwareSoftware developmentDevelopment,0.0,5.0,2.5,,,Nagercoil,Developer,software developersoftwaresoftware developmentdevelopment
software developer,Software Developer,Impressive Star Softwares,Jaipur,0-3 Yrs,,TallyManager TechnologyProgrammingBusiness managementUnit testingSoftware testingDevelopmentProgram,0.0,3.0,1.5,,,Jaipur,Developer,tallymanager technologyprogrammingbusiness managementunit testingsoftware testingdevelopmentprogram
software developer,Software Developer,Barclays,Pune,0-7 Yrs,,Performance tuningMavenMS SQLVersion controlGITCodingDebuggingUnit testing,0.0,7.0,3.5,,,Pune,Developer,performance tuningmavenms sqlversion controlgitcodingdebuggingunit testing
software developer,SOFTWARE DEVELOPER/ENGINEER[.NET],Myospaz Software Technologies,Pune,0-3 Yrs,,jQueryASP.NetOOPSJavascriptMVCbootstrapVB.NETSQL,0.0,3.0,1.5,,,Pune,Developer,jqueryasp.netoopsjavascriptmvcbootstrapvb.netsql
software developer,Saas Software Developer,BVM Web Solutions,Jaipur,0-4 Yrs,,PDFWeb technologiesSAASWeb developmentPHPHRIOSSoftware solutions,0.0,4.0,2.0,,,Jaipur,Developer,pdfweb technologiessaasweb developmentphphriossoftware solutions
software developer,Software Developer,ShreeCom InfoTech India Pvt. Ltd.,Pune,0-3 Yrs,,Web technologiesandroid application developmentSoftware development life cycle.NetCustomer serviceTroubleshootingInformation technologySDLC,0.0,3.0,1.5,,,Pune,Developer,web technologiesandroid application developmentsoftware development life cycle.netcustomer servicetroubleshootinginformation technologysdlc
software developer,Software Developer/Engineer ASP.Net Core(MVC,Anvitechsys,Pune,0-1 Yrs,,ASP.Net MVCjQueryChtml5OOPSJavascriptbootstrapSQL,0.0,1.0,0.5,,,Pune,Developer,asp.net mvcjquerychtml5oopsjavascriptbootstrapsql
software developer,"Senior Software Developer (C#.net, SQL, ERP Software)",Index Infotech India,Pune,4-5 Yrs,,SANSAPSAP CRMSSRSData structuresVisual StudioOraclemicrosoft,4.0,5.0,4.5,,,Pune,Developer,sansapsap crmssrsdata structuresvisual studiooraclemicrosoft
software developer,Software Developer (Hiring Freshers) !!!! WALK IN !!!!,Webilesk Infotech,,,1-1.25 Lacs PA,PHPHTMLSQLCSSJavascriptDevelopmentSoftware developmentHiring,,,,1.0,1.0,nan,Developer,phphtmlsqlcssjavascriptdevelopmentsoftware developmenthiring
software developer,Software Developer,Amazon,Chennai,0-2 Yrs,,JavaPythonSoftware DevelopmentDevelopmentSoftware,0.0,2.0,1.0,,,Chennai,Developer,javapythonsoftware developmentdevelopmentsoftware
software developer,Software Developer Intern/Fresher,Binary Republik,Ahmedabad,,Unpaid,,,,,,,Ahmedabad,Developer,nan
software developer,Software Developer Trainee / Intern,Liangtuang Technologies,Noida,,Unpaid,,,,,,,Noida,Developer,nan
software developer,Software Developer,athenahealth,Bengaluru,0-2 Yrs,,JavaSpring BootAWSMicroservicesSoftware developmentSoftwareBootSpring,0.0,2.0,1.0,,,Bengaluru,Developer,javaspring bootawsmicroservicessoftware developmentsoftwarebootspring
software developer,Software Developer 5,Oracle,Bengaluru,0-7 Yrs,,Operating systemsCloud ServicesDebuggingManager TechnologyApplication softwareTroubleshootingSoftware developmentTechnology,0.0,7.0,3.5,,,Bengaluru,Developer,operating systemscloud servicesdebuggingmanager technologyapplication softwaretroubleshootingsoftware developmenttechnology
software developer,Software Developer,Pyrotech Workspace Solutions,Udaipur,0-4 Yrs,,Software DeveloperSoftware developmentDevelopmentSoftware,0.0,4.0,2.0,,,Udaipur,Developer,software developersoftware developmentdevelopmentsoftware
software developer,Software Developer,Barclays,Pune,0-7 Yrs,,Data analysisFront endSenior AnalystCodingApplication developmentSchedulingInvestment bankingUnit testing,0.0,7.0,3.5,,,Pune,Developer,data analysisfront endsenior analystcodingapplication developmentschedulinginvestment bankingunit testing
software developer,Software Developer,BVM Web Solutions,Jaipur,0-3 Yrs,,c++csshibernatejquerysqlspringjavaoops,0.0,3.0,1.5,,,Jaipur,Developer,c++csshibernatejquerysqlspringjavaoops
software developer,Software Developer,Rhombus Infotech,Mohali,0-1 Yrs,,c#interfacesc++pythoncsssoftware developmentsoftware testingsystem testing,0.0,1.0,0.5,,,Mohali,Developer,c#interfacesc++pythoncsssoftware developmentsoftware testingsystem testing
software developer,Software Developer,BVM Web Solutions,Jaipur,0-3 Yrs,,PDFWeb technologiesWeb developmentPHPHRIOSSoftware solutionsAndroid,0.0,3.0,1.5,,,Jaipur,Developer,pdfweb technologiesweb developmentphphriossoftware solutionsandroid
software developer,Software Developer,Barclays,Pune,0-7 Yrs,,Performance tuningMavenMS SQLVersion controlSenior AnalystCodingDebuggingUnit testing,0.0,7.0,3.5,,,Pune,Developer,performance tuningmavenms sqlversion controlsenior analystcodingdebuggingunit testing
software developer,Software Developer,Coaxial Global Services,Nagercoil,0-5 Yrs,,Software DeveloperSoftwareSoftware developmentDevelopment,0.0,5.0,2.5,,,Nagercoil,Developer,software developersoftwaresoftware developmentdevelopment
software developer,Software Developer,Impressive Star Softwares,Jaipur,0-3 Yrs,,TallyManager TechnologyProgrammingBusiness managementUnit testingSoftware testingDevelopmentProgram,0.0,3.0,1.5,,,Jaipur,Developer,tallymanager technologyprogrammingbusiness managementunit testingsoftware testingdevelopmentprogram
software developer,Software Developer,Barclays,Pune,0-7 Yrs,,Performance tuningMavenMS SQLVersion controlGITCodingDebuggingUnit testing,0.0,7.0,3.5,,,Pune,Developer,performance tuningmavenms sqlversion controlgitcodingdebuggingunit testing
software developer,SOFTWARE DEVELOPER/ENGINEER[.NET],Myospaz Software Technologies,Pune,0-3 Yrs,,jQueryASP.NetOOPSJavascriptMVCbootstrapVB.NETSQL,0.0,3.0,1.5,,,Pune,Developer,jqueryasp.netoopsjavascriptmvcbootstrapvb.netsql
software developer,Saas Software Developer,BVM Web Solutions,Jaipur,0-4 Yrs,,PDFWeb technologiesSAASWeb developmentPHPHRIOSSoftware solutions,0.0,4.0,2.0,,,Jaipur,Developer,pdfweb technologiessaasweb developmentphphriossoftware solutions
software developer,Software Developer,ShreeCom InfoTech India Pvt. Ltd.,Pune,0-3 Yrs,,Web technologiesandroid application developmentSoftware development life cycle.NetCustomer serviceTroubleshootingInformation technologySDLC,0.0,3.0,1.5,,,Pune,Developer,web technologiesandroid application developmentsoftware development life cycle.netcustomer servicetroubleshootinginformation technologysdlc
software developer,Software Developer/Engineer ASP.Net Core(MVC,Anvitechsys,Pune,0-1 Yrs,,ASP.Net MVCjQueryChtml5OOPSJavascriptbootstrapSQL,0.0,1.0,0.5,,,Pune,Developer,asp.net mvcjquerychtml5oopsjavascriptbootstrapsql
software developer,"Senior Software Developer (C#.net, SQL, ERP Software)",Index Infotech India,Pune,4-5 Yrs,,SANSAPSAP CRMSSRSData structuresVisual StudioOraclemicrosoft,4.0,5.0,4.5,,,Pune,Developer,sansapsap crmssrsdata structuresvisual studiooraclemicrosoft
software developer,Software Developer (Hiring Freshers) !!!! WALK IN !!!!,Webilesk Infotech,,,1-1.25 Lacs PA,PHPHTMLSQLCSSJavascriptDevelopmentSoftware developmentHiring,,,,1.0,1.0,nan,Developer,phphtmlsqlcssjavascriptdevelopmentsoftware developmenthiring
software developer,Software Developer,Amazon,Chennai,0-2 Yrs,,JavaPythonSoftware DevelopmentDevelopmentSoftware,0.0,2.0,1.0,,,Chennai,Developer,javapythonsoftware developmentdevelopmentsoftware
software developer,Software Developer Intern/Fresher,Binary Republik,Ahmedabad,,Unpaid,,,,,,,Ahmedabad,Developer,nan
software developer,Software Developer Trainee / Intern,Liangtuang Technologies,Noida,,Unpaid,,,,,,,Noida,Developer,nan
software developer,Software Developer,athenahealth,Bengaluru,0-2 Yrs,,JavaSpring BootAWSMicroservicesSoftware developmentSoftwareBootSpring,0.0,2.0,1.0,,,Bengaluru,Developer,javaspring bootawsmicroservicessoftware developmentsoftwarebootspring
software developer,Software Developer 5,Oracle,Bengaluru,0-7 Yrs,,Operating systemsCloud ServicesDebuggingManager TechnologyApplication softwareTroubleshootingSoftware developmentTechnology,0.0,7.0,3.5,,,Bengaluru,Developer,operating systemscloud servicesdebuggingmanager technologyapplication softwaretroubleshootingsoftware developmenttechnology
software developer,Software Developer,Pyrotech Workspace Solutions,Udaipur,0-4 Yrs,,Software DeveloperSoftware developmentDevelopmentSoftware,0.0,4.0,2.0,,,Udaipur,Developer,software developersoftware developmentdevelopmentsoftware
software developer,Software Developer,Barclays,Pune,0-7 Yrs,,Data analysisFront endSenior AnalystCodingApplication developmentSchedulingInvestment bankingUnit testing,0.0,7.0,3.5,,,Pune,Developer,data analysisfront endsenior analystcodingapplication developmentschedulinginvestment bankingunit testing
software developer,Software Developer,BVM Web Solutions,Jaipur,0-3 Yrs,,c++csshibernatejquerysqlspringjavaoops,0.0,3.0,1.5,,,Jaipur,Developer,c++csshibernatejquerysqlspringjavaoops
software developer,Software Developer,Rhombus Infotech,Mohali,0-1 Yrs,,c#interfacesc++pythoncsssoftware developmentsoftware testingsystem testing,0.0,1.0,0.5,,,Mohali,Developer,c#interfacesc++pythoncsssoftware developmentsoftware testingsystem testing
software developer,Software Developer,BVM Web Solutions,Jaipur,0-3 Yrs,,PDFWeb technologiesWeb developmentPHPHRIOSSoftware solutionsAndroid,0.0,3.0,1.5,,,Jaipur,Developer,pdfweb technologiesweb developmentphphriossoftware solutionsandroid
software developer,Software Developer,Barclays,Pune,0-7 Yrs,,Performance tuningMavenMS SQLVersion controlSenior AnalystCodingDebuggingUnit testing,0.0,7.0,3.5,,,Pune,Developer,performance tuningmavenms sqlversion controlsenior analystcodingdebuggingunit testing
software developer,Software Developer,Coaxial Global Services,Nagercoil,0-5 Yrs,,Software DeveloperSoftwareSoftware developmentDevelopment,0.0,5.0,2.5,,,Nagercoil,Developer,software developersoftwaresoftware developmentdevelopment
software developer,Software Developer,Impressive Star Softwares,Jaipur,0-3 Yrs,,TallyManager TechnologyProgrammingBusiness managementUnit testingSoftware testingDevelopmentProgram,0.0,3.0,1.5,,,Jaipur,Developer,tallymanager technologyprogrammingbusiness managementunit testingsoftware testingdevelopmentprogram
software developer,Software Developer,Barclays,Pune,0-7 Yrs,,Performance tuningMavenMS SQLVersion controlGITCodingDebuggingUnit testing,0.0,7.0,3.5,,,Pune,Developer,performance tuningmavenms sqlversion controlgitcodingdebuggingunit testing
software developer,SOFTWARE DEVELOPER/ENGINEER[.NET],Myospaz Software Technologies,Pune,0-3 Yrs,,jQueryASP.NetOOPSJavascriptMVCbootstrapVB.NETSQL,0.0,3.0,1.5,,,Pune,Developer,jqueryasp.netoopsjavascriptmvcbootstrapvb.netsql
software developer,Saas Software Developer,BVM Web Solutions,Jaipur,0-4 Yrs,,PDFWeb technologiesSAASWeb developmentPHPHRIOSSoftware solutions,0.0,4.0,2.0,,,Jaipur,Developer,pdfweb technologiessaasweb developmentphphriossoftware solutions
software developer,Software Developer,ShreeCom InfoTech India Pvt. Ltd.,Pune,0-3 Yrs,,Web technologiesandroid application developmentSoftware development life cycle.NetCustomer serviceTroubleshootingInformation technologySDLC,0.0,3.0,1.5,,,Pune,Developer,web technologiesandroid application developmentsoftware development life cycle.netcustomer servicetroubleshootinginformation technologysdlc
software developer,Software Developer/Engineer ASP.Net Core(MVC,Anvitechsys,Pune,0-1 Yrs,,ASP.Net MVCjQueryChtml5OOPSJavascriptbootstrapSQL,0.0,1.0,0.5,,,Pune,Developer,asp.net mvcjquerychtml5oopsjavascriptbootstrapsql
software developer,"Senior Software Developer (C#.net, SQL, ERP Software)",Index Infotech India,Pune,4-5 Yrs,,SANSAPSAP CRMSSRSData structuresVisual StudioOraclemicrosoft,4.0,5.0,4.5,,,Pune,Developer,sansapsap crmssrsdata structuresvisual studiooraclemicrosoft
data analyst,Fresher: AI Data Analyst - International Team,Silicon Media Technologies Pvt. Ltd,Bangalore/Bengaluru(Old Airport Road),0 Yrs,2.25 Lacs PA,AnalyticsTechnology ResearchChatgptMarket ResearchGeminiResearch AnalysisData InterpretationArtificial Intelligence,0.0,0.0,0.0,2.0,25.0,Bangalore/Bengaluru(Old Airport Road),Data,analyticstechnology researchchatgptmarket researchgeminiresearch analysisdata interpretationartificial intelligence
data analyst,Data Analyst (Remote),Crossing Hurdles,Remote,0-5 Yrs,5-15 Lacs PA,ForecastingAnalyticalData AnalysisStatisticsAnalyticsAnalysisRemoteData,0.0,5.0,2.5,5.0,15.0,Remote,Data,forecastinganalyticaldata analysisstatisticsanalyticsanalysisremotedata
data analyst,Data Analyst,Barclays,Pune,0-7 Yrs,,Data analysisSenior AnalystData modelingAnalyticalWorkflowData qualityContinuous improvementApache,0.0,7.0,3.5,,,Pune,Data,data analysissenior analystdata modelinganalyticalworkflowdata qualitycontinuous improvementapache
data analyst,Data Analyst,Barclays,Gurugram,0-5 Yrs,,SASProject managementAnalyticalMachine learningAgileWorkflowBusiness strategyAssistant Vice President,0.0,5.0,2.5,,,Gurugram,Data,sasproject managementanalyticalmachine learningagileworkflowbusiness strategyassistant vice president
data analyst,Data Analyst,Swiggy,Bengaluru,1-6 Yrs,3.25-5 Lacs PA,E-commerceAdvance SqlData AnalyticsPower BiAdvanced ExcelSQLDataData analysis,1.0,6.0,3.5,3.0,25.0,Bengaluru,Data,e-commerceadvance sqldata analyticspower biadvanced excelsqldatadata analysis
data analyst,Data Analyst,FE Fundinfo,Chennai,0-3 Yrs,,Analytical skillsData managementFocusAgileDeploymentData AnalystManagementSLAS,0.0,3.0,1.5,,,Chennai,Data,analytical skillsdata managementfocusagiledeploymentdata analystmanagementslas
data analyst,Data Analyst,Simply Vyapar Apps,Bengaluru(Bellandur),0-1 Yrs,,SQL QueriesData AnalyticsProblem SolvingData VisualizationAb TestingSQLAbSoftware testing,0.0,1.0,0.5,,,Bengaluru(Bellandur),Data,sql queriesdata analyticsproblem solvingdata visualizationab testingsqlabsoftware testing
data analyst,Data Analyst,R R Groups,Bengaluru,0-1 Yrs,,data analysismodelingdocumentationbistrong analytical skillspower biproblem solvingdashboards,0.0,1.0,0.5,,,Bengaluru,Data,data analysismodelingdocumentationbistrong analytical skillspower biproblem solvingdashboards
data analyst,Data Analyst Pharma,Leading Client,Mumbai,1-4 Yrs,,data analystemerging technologiesdata analysis toolsdata analyticsdata analysisdata validationbusiness intelligencehealthcare,1.0,4.0,2.5,,,Mumbai,Data,data analystemerging technologiesdata analysis toolsdata analyticsdata analysisdata validationbusiness intelligencehealthcare
data analyst,"Online Data Analyst - ""Odia""",TELUS Digital,Remote,0-2 Yrs,,OriyaEnglish LanguageEnglishData analysisLanguagesData,0.0,2.0,1.0,,,Remote,Data,oriyaenglish languageenglishdata analysislanguagesdata
data analyst,Procurement Data Analyst,G4S,Remote,2-5 Yrs,7-9 Lacs PA,Data AnalysisData AnalystData AnalyticsProcurement ManagementStakeholder ManagementAnalyticsProcurementAnalysis,2.0,5.0,3.5,7.0,9.0,Remote,Data,data analysisdata analystdata analyticsprocurement managementstakeholder managementanalyticsprocurementanalysis
data analyst,Data Analyst,JSW ONE PLATFORMS,"Mumbai Suburban, Navi Mumbai, Mumbai (All Areas)",3-5 Yrs,,BigqueryDashboardingData AnalyticsPythonGCPData AnalysisData VisualizationData Modeling,3.0,5.0,4.0,,,Mumbai Suburban,Data,bigquerydashboardingdata analyticspythongcpdata analysisdata visualizationdata modeling
data analyst,Data Analyst,Secure Meters,Ranchi,0-2 Yrs,,Data AnalysisData VisualizationEnergy AuditSQL QueriesAdvanced ExcelData AnalyticsSQLAuditing,0.0,2.0,1.0,,,Ranchi,Data,data analysisdata visualizationenergy auditsql queriesadvanced exceldata analyticssqlauditing
data analyst,Online Data Analyst - Punjabi,TELUS Digital,Remote,0-2 Yrs,,Data AnalysisMappingPunjabiGoogle MapsQuality AssuranceMapserverGoogleAnalysis,0.0,2.0,1.0,,,Remote,Data,data analysismappingpunjabigoogle mapsquality assurancemapservergoogleanalysis
data analyst,"Online Data Analyst - ""Bengali""",TELUS Digital,Remote,0-2 Yrs,,BengaliEnglishEnglish WritingGoogle MapsGood English CommunicationBengali ContentMappingData analysis,0.0,2.0,1.0,,,Remote,Data,bengalienglishenglish writinggoogle mapsgood english communicationbengali contentmappingdata analysis
data analyst,Data Analyst,Newfangled Vision,"Mumbai, Delhi / NCR",2-5 Yrs,4-5 Lacs PA,Power BiAdvanced ExcelSQLData AnalyticsPythonBusiness AnalyticsArtificial IntelligenceData Extraction,2.0,5.0,3.5,4.0,5.0,Mumbai,Data,power biadvanced excelsqldata analyticspythonbusiness analyticsartificial intelligencedata extraction
data analyst,Data Analyst,Fiserv,Thane,3-5 Yrs,8-15 Lacs PA,Power BiSQLPythonRSAS SQLSASSAS ProgrammingTableau,3.0,5.0,4.0,8.0,15.0,Thane,Data,power bisqlpythonrsas sqlsassas programmingtableau
data analyst,Data Analyst,GE VERNOVA,"Chennai, Bengaluru, Delhi / NCR",2-7 Yrs,12-22 Lacs PA,Data AnalysisPower BiData ManagementData AnalyticsSQLManagementAnalyticsBi,2.0,7.0,4.5,12.0,22.0,Chennai,Data,data analysispower bidata managementdata analyticssqlmanagementanalyticsbi
data analyst,Data Analyst,leading bank,Chennai,3-8 Yrs,6-11 Lacs PA,VBAData AnalyticsTableauAnalyticsDataData analysis,3.0,8.0,5.5,6.0,11.0,Chennai,Data,vbadata analyticstableauanalyticsdatadata analysis
data analyst,Online Data Analyst - Kannada,TELUS Digital,Remote,0-2 Yrs,,Data AnalysisMappingOnline Data Analysisquality assuranceAI modelsmachine learningAssuranceData,0.0,2.0,1.0,,,Remote,Data,data analysismappingonline data analysisquality assuranceai modelsmachine learningassurancedata
data analyst,Fresher: AI Data Analyst - International Team,Silicon Media Technologies Pvt. Ltd,Bangalore/Bengaluru(Old Airport Road),0 Yrs,2.25 Lacs PA,AnalyticsTechnology ResearchChatgptMarket ResearchGeminiResearch AnalysisData InterpretationArtificial Intelligence,0.0,0.0,0.0,2.0,25.0,Bangalore/Bengaluru(Old Airport Road),Data,analyticstechnology researchchatgptmarket researchgeminiresearch analysisdata interpretationartificial intelligence
data analyst,Data Analyst (Remote),Crossing Hurdles,Remote,0-5 Yrs,5-15 Lacs PA,ForecastingAnalyticalData AnalysisStatisticsAnalyticsAnalysisRemoteData,0.0,5.0,2.5,5.0,15.0,Remote,Data,forecastinganalyticaldata analysisstatisticsanalyticsanalysisremotedata
data analyst,Data Analyst,Barclays,Pune,0-7 Yrs,,Data analysisSenior AnalystData modelingAnalyticalWorkflowData qualityContinuous improvementApache,0.0,7.0,3.5,,,Pune,Data,data analysissenior analystdata modelinganalyticalworkflowdata qualitycontinuous improvementapache
data analyst,Data Analyst,Barclays,Gurugram,0-5 Yrs,,SASProject managementAnalyticalMachine learningAgileWorkflowBusiness strategyAssistant Vice President,0.0,5.0,2.5,,,Gurugram,Data,sasproject managementanalyticalmachine learningagileworkflowbusiness strategyassistant vice president
data analyst,Data Analyst,Swiggy,Bengaluru,1-6 Yrs,3.25-5 Lacs PA,E-commerceAdvance SqlData AnalyticsPower BiAdvanced ExcelSQLDataData analysis,1.0,6.0,3.5,3.0,25.0,Bengaluru,Data,e-commerceadvance sqldata analyticspower biadvanced excelsqldatadata analysis
data analyst,Data Analyst,FE Fundinfo,Chennai,0-3 Yrs,,Analytical skillsData managementFocusAgileDeploymentData AnalystManagementSLAS,0.0,3.0,1.5,,,Chennai,Data,analytical skillsdata managementfocusagiledeploymentdata analystmanagementslas
data analyst,Data Analyst,Simply Vyapar Apps,Bengaluru(Bellandur),0-1 Yrs,,SQL QueriesData AnalyticsProblem SolvingData VisualizationAb TestingSQLAbSoftware testing,0.0,1.0,0.5,,,Bengaluru(Bellandur),Data,sql queriesdata analyticsproblem solvingdata visualizationab testingsqlabsoftware testing
data analyst,Data Analyst,R R Groups,Bengaluru,0-1 Yrs,,data analysismodelingdocumentationbistrong analytical skillspower biproblem solvingdashboards,0.0,1.0,0.5,,,Bengaluru,Data,data analysismodelingdocumentationbistrong analytical skillspower biproblem solvingdashboards
data analyst,Data Analyst Pharma,Leading Client,Mumbai,1-4 Yrs,,data analystemerging technologiesdata analysis toolsdata analyticsdata analysisdata validationbusiness intelligencehealthcare,1.0,4.0,2.5,,,Mumbai,Data,data analystemerging technologiesdata analysis toolsdata analyticsdata analysisdata validationbusiness intelligencehealthcare
data analyst,"Online Data Analyst - ""Odia""",TELUS Digital,Remote,0-2 Yrs,,OriyaEnglish LanguageEnglishData analysisLanguagesData,0.0,2.0,1.0,,,Remote,Data,oriyaenglish languageenglishdata analysislanguagesdata
data analyst,Procurement Data Analyst,G4S,Remote,2-5 Yrs,7-9 Lacs PA,Data AnalysisData AnalystData AnalyticsProcurement ManagementStakeholder ManagementAnalyticsProcurementAnalysis,2.0,5.0,3.5,7.0,9.0,Remote,Data,data analysisdata analystdata analyticsprocurement managementstakeholder managementanalyticsprocurementanalysis
data analyst,Data Analyst,JSW ONE PLATFORMS,"Mumbai Suburban, Navi Mumbai, Mumbai (All Areas)",3-5 Yrs,,BigqueryDashboardingData AnalyticsPythonGCPData AnalysisData VisualizationData Modeling,3.0,5.0,4.0,,,Mumbai Suburban,Data,bigquerydashboardingdata analyticspythongcpdata analysisdata visualizationdata modeling
data analyst,Data Analyst,Secure Meters,Ranchi,0-2 Yrs,,Data AnalysisData VisualizationEnergy AuditSQL QueriesAdvanced ExcelData AnalyticsSQLAuditing,0.0,2.0,1.0,,,Ranchi,Data,data analysisdata visualizationenergy auditsql queriesadvanced exceldata analyticssqlauditing
data analyst,Online Data Analyst - Punjabi,TELUS Digital,Remote,0-2 Yrs,,Data AnalysisMappingPunjabiGoogle MapsQuality AssuranceMapserverGoogleAnalysis,0.0,2.0,1.0,,,Remote,Data,data analysismappingpunjabigoogle mapsquality assurancemapservergoogleanalysis
data analyst,"Online Data Analyst - ""Bengali""",TELUS Digital,Remote,0-2 Yrs,,BengaliEnglishEnglish WritingGoogle MapsGood English CommunicationBengali ContentMappingData analysis,0.0,2.0,1.0,,,Remote,Data,bengalienglishenglish writinggoogle mapsgood english communicationbengali contentmappingdata analysis
data analyst,Data Analyst,Newfangled Vision,"Mumbai, Delhi / NCR",2-5 Yrs,4-5 Lacs PA,Power BiAdvanced ExcelSQLData AnalyticsPythonBusiness AnalyticsArtificial IntelligenceData Extraction,2.0,5.0,3.5,4.0,5.0,Mumbai,Data,power biadvanced excelsqldata analyticspythonbusiness analyticsartificial intelligencedata extraction
data analyst,Data Analyst,Fiserv,Thane,3-5 Yrs,8-15 Lacs PA,Power BiSQLPythonRSAS SQLSASSAS ProgrammingTableau,3.0,5.0,4.0,8.0,15.0,Thane,Data,power bisqlpythonrsas sqlsassas programmingtableau
data analyst,Data Analyst,GE VERNOVA,"Chennai, Bengaluru, Delhi / NCR",2-7 Yrs,12-22 Lacs PA,Data AnalysisPower BiData ManagementData AnalyticsSQLManagementAnalyticsBi,2.0,7.0,4.5,12.0,22.0,Chennai,Data,data analysispower bidata managementdata analyticssqlmanagementanalyticsbi
data analyst,Data Analyst,leading bank,Chennai,3-8 Yrs,6-11 Lacs PA,VBAData AnalyticsTableauAnalyticsDataData analysis,3.0,8.0,5.5,6.0,11.0,Chennai,Data,vbadata analyticstableauanalyticsdatadata analysis
data analyst,Online Data Analyst - Kannada,TELUS Digital,Remote,0-2 Yrs,,Data AnalysisMappingOnline Data Analysisquality assuranceAI modelsmachine learningAssuranceData,0.0,2.0,1.0,,,Remote,Data,data analysismappingonline data analysisquality assuranceai modelsmachine learningassurancedata
data analyst,Fresher: AI Data Analyst - International Team,Silicon Media Technologies Pvt. Ltd,Bangalore/Bengaluru(Old Airport Road),0 Yrs,2.25 Lacs PA,AnalyticsTechnology ResearchChatgptMarket ResearchGeminiResearch AnalysisData InterpretationArtificial Intelligence,0.0,0.0,0.0,2.0,25.0,Bangalore/Bengaluru(Old Airport Road),Data,analyticstechnology researchchatgptmarket researchgeminiresearch analysisdata interpretationartificial intelligence
data analyst,Data Analyst (Remote),Crossing Hurdles,Remote,0-5 Yrs,5-15 Lacs PA,ForecastingAnalyticalData AnalysisStatisticsAnalyticsAnalysisRemoteData,0.0,5.0,2.5,5.0,15.0,Remote,Data,forecastinganalyticaldata analysisstatisticsanalyticsanalysisremotedata
data analyst,Data Analyst,Barclays,Pune,0-7 Yrs,,Data analysisSenior AnalystData modelingAnalyticalWorkflowData qualityContinuous improvementApache,0.0,7.0,3.5,,,Pune,Data,data analysissenior analystdata modelinganalyticalworkflowdata qualitycontinuous improvementapache
data analyst,Data Analyst,Barclays,Gurugram,0-5 Yrs,,SASProject managementAnalyticalMachine learningAgileWorkflowBusiness strategyAssistant Vice President,0.0,5.0,2.5,,,Gurugram,Data,sasproject managementanalyticalmachine learningagileworkflowbusiness strategyassistant vice president
data analyst,Data Analyst,Swiggy,Bengaluru,1-6 Yrs,3.25-5 Lacs PA,E-commerceAdvance SqlData AnalyticsPower BiAdvanced ExcelSQLDataData analysis,1.0,6.0,3.5,3.0,25.0,Bengaluru,Data,e-commerceadvance sqldata analyticspower biadvanced excelsqldatadata analysis
data analyst,Data Analyst,FE Fundinfo,Chennai,0-3 Yrs,,Analytical skillsData managementFocusAgileDeploymentData AnalystManagementSLAS,0.0,3.0,1.5,,,Chennai,Data,analytical skillsdata managementfocusagiledeploymentdata analystmanagementslas
data analyst,Data Analyst,Simply Vyapar Apps,Bengaluru(Bellandur),0-1 Yrs,,SQL QueriesData AnalyticsProblem SolvingData VisualizationAb TestingSQLAbSoftware testing,0.0,1.0,0.5,,,Bengaluru(Bellandur),Data,sql queriesdata analyticsproblem solvingdata visualizationab testingsqlabsoftware testing
data analyst,Data Analyst,R R Groups,Bengaluru,0-1 Yrs,,data analysismodelingdocumentationbistrong analytical skillspower biproblem solvingdashboards,0.0,1.0,0.5,,,Bengaluru,Data,data analysismodelingdocumentationbistrong analytical skillspower biproblem solvingdashboards
data analyst,Data Analyst Pharma,Leading Client,Mumbai,1-4 Yrs,,data analystemerging technologiesdata analysis toolsdata analyticsdata analysisdata validationbusiness intelligencehealthcare,1.0,4.0,2.5,,,Mumbai,Data,data analystemerging technologiesdata analysis toolsdata analyticsdata analysisdata validationbusiness intelligencehealthcare
data analyst,"Online Data Analyst - ""Odia""",TELUS Digital,Remote,0-2 Yrs,,OriyaEnglish LanguageEnglishData analysisLanguagesData,0.0,2.0,1.0,,,Remote,Data,oriyaenglish languageenglishdata analysislanguagesdata
data analyst,Procurement Data Analyst,G4S,Remote,2-5 Yrs,7-9 Lacs PA,Data AnalysisData AnalystData AnalyticsProcurement ManagementStakeholder ManagementAnalyticsProcurementAnalysis,2.0,5.0,3.5,7.0,9.0,Remote,Data,data analysisdata analystdata analyticsprocurement managementstakeholder managementanalyticsprocurementanalysis
data analyst,Data Analyst,JSW ONE PLATFORMS,"Mumbai Suburban, Navi Mumbai, Mumbai (All Areas)",3-5 Yrs,,BigqueryDashboardingData AnalyticsPythonGCPData AnalysisData VisualizationData Modeling,3.0,5.0,4.0,,,Mumbai Suburban,Data,bigquerydashboardingdata analyticspythongcpdata analysisdata visualizationdata modeling
data analyst,Data Analyst,Secure Meters,Ranchi,0-2 Yrs,,Data AnalysisData VisualizationEnergy AuditSQL QueriesAdvanced ExcelData AnalyticsSQLAuditing,0.0,2.0,1.0,,,Ranchi,Data,data analysisdata visualizationenergy auditsql queriesadvanced exceldata analyticssqlauditing
data analyst,Online Data Analyst - Punjabi,TELUS Digital,Remote,0-2 Yrs,,Data AnalysisMappingPunjabiGoogle MapsQuality AssuranceMapserverGoogleAnalysis,0.0,2.0,1.0,,,Remote,Data,data analysismappingpunjabigoogle mapsquality assurancemapservergoogleanalysis
data analyst,"Online Data Analyst - ""Bengali""",TELUS Digital,Remote,0-2 Yrs,,BengaliEnglishEnglish WritingGoogle MapsGood English CommunicationBengali ContentMappingData analysis,0.0,2.0,1.0,,,Remote,Data,bengalienglishenglish writinggoogle mapsgood english communicationbengali contentmappingdata analysis
data analyst,Data Analyst,Newfangled Vision,"Mumbai, Delhi / NCR",2-5 Yrs,4-5 Lacs PA,Power BiAdvanced ExcelSQLData AnalyticsPythonBusiness AnalyticsArtificial IntelligenceData Extraction,2.0,5.0,3.5,4.0,5.0,Mumbai,Data,power biadvanced excelsqldata analyticspythonbusiness analyticsartificial intelligencedata extraction
data analyst,Data Analyst,Fiserv,Thane,3-5 Yrs,8-15 Lacs PA,Power BiSQLPythonRSAS SQLSASSAS ProgrammingTableau,3.0,5.0,4.0,8.0,15.0,Thane,Data,power bisqlpythonrsas sqlsassas programmingtableau
data analyst,Data Analyst,GE VERNOVA,"Chennai, Bengaluru, Delhi / NCR",2-7 Yrs,12-22 Lacs PA,Data AnalysisPower BiData ManagementData AnalyticsSQLManagementAnalyticsBi,2.0,7.0,4.5,12.0,22.0,Chennai,Data,data analysispower bidata managementdata analyticssqlmanagementanalyticsbi
data analyst,Data Analyst,leading bank,Chennai,3-8 Yrs,6-11 Lacs PA,VBAData AnalyticsTableauAnalyticsDataData analysis,3.0,8.0,5.5,6.0,11.0,Chennai,Data,vbadata analyticstableauanalyticsdatadata analysis
data analyst,Online Data Analyst - Kannada,TELUS Digital,Remote,0-2 Yrs,,Data AnalysisMappingOnline Data Analysisquality assuranceAI modelsmachine learningAssuranceData,0.0,2.0,1.0,,,Remote,Data,data analysismappingonline data analysisquality assuranceai modelsmachine learningassurancedata
data scientist,Data Scientist,Apple,Hyderabad,0-8 Yrs,,RCAStatistical analysisdata scienceData modelingAnalyticalmarket dataPredictive modelingService sales,0.0,8.0,4.0,,,Hyderabad,Data,rcastatistical analysisdata sciencedata modelinganalyticalmarket datapredictive modelingservice sales
data scientist,Data Scientist-Artificial Intelligence,IBM,Pune,3-7 Yrs,,data scientistpythonai solutionsai frameworksaicloud platformsmachine learningartificial intelligence,3.0,7.0,5.0,,,Pune,Data,data scientistpythonai solutionsai frameworksaicloud platformsmachine learningartificial intelligence
data scientist,Data Scientist - 27th Feb (Friday) Virtual Interview,Tata Consultancy Services,"Kolkata, India",5-10 Yrs,,Data SciencePredictive ModelingStatistical ModelingMachine LearningScienceMachineInterviewingData,5.0,10.0,7.5,,,Kolkata,Data,data sciencepredictive modelingstatistical modelingmachine learningsciencemachineinterviewingdata
data scientist,Data Scientist,Superior Informatics,Remote,0-5 Yrs,"50,000-2 Lacs PA",Data ScienceStatistical ModelingStatisticsPredictive ModelingPredictiveDataScienceModeling,0.0,5.0,2.5,50.0,0.0,Remote,Data,data sciencestatistical modelingstatisticspredictive modelingpredictivedatasciencemodeling
data scientist,Data Scientist-Artificial Intelligence,IBM,Bengaluru,3-7 Yrs,,data scientistpythonai solutionsai frameworks73960aicloud platformsmachine learning,3.0,7.0,5.0,,,Bengaluru,Data,data scientistpythonai solutionsai frameworks73960aicloud platformsmachine learning
data scientist,Data Scientist-Artificial Intelligence,IBM,Hyderabad,3-7 Yrs,,data scientistpythonai solutionsai frameworks73961aicloud platformsmachine learning,3.0,7.0,5.0,,,Hyderabad,Data,data scientistpythonai solutionsai frameworks73961aicloud platformsmachine learning
data scientist,Data Scientist,Razorthink,Bengaluru,0-2 Yrs,,Data ScienceLangGraphGitDockerData ScientistLangChainMLflowHugging Face,0.0,2.0,1.0,,,Bengaluru,Data,data sciencelanggraphgitdockerdata scientistlangchainmlflowhugging face
data scientist,Data Scientist-Artificial Intelligence,IBM,Bengaluru,5-7 Yrs,,data scientistkubernetespythongithubnatural language processingaireactbootstrap,5.0,7.0,6.0,,,Bengaluru,Data,data scientistkubernetespythongithubnatural language processingaireactbootstrap
data scientist,Data Scientist-Artificial Intelligence,IBM,Hyderabad,6-8 Yrs,,data scientistkubernetespythongithubnatural language processingaireactbootstrap,6.0,8.0,7.0,,,Hyderabad,Data,data scientistkubernetespythongithubnatural language processingaireactbootstrap
data scientist,Data Scientist-Artificial Intelligence,IBM,Bengaluru,6-8 Yrs,,data scientistkubernetespythongithubnatural language processingaireactbootstrap,6.0,8.0,7.0,,,Bengaluru,Data,data scientistkubernetespythongithubnatural language processingaireactbootstrap
data scientist,Data Scientist-Artificial Intelligence,IBM,Hyderabad,8-10 Yrs,,data scientistkubernetespythongithubnatural language processingaireactbootstrap,8.0,10.0,9.0,,,Hyderabad,Data,data scientistkubernetespythongithubnatural language processingaireactbootstrap
data scientist,Data Scientist-Artificial Intelligence,IBM,Pune,8-10 Yrs,,data scientistkubernetespythongithubnatural language processingaireactbootstrap,8.0,10.0,9.0,,,Pune,Data,data scientistkubernetespythongithubnatural language processingaireactbootstrap
data scientist,Data Scientist-Artificial Intelligence,IBM,Gurugram,10-15 Yrs,,data scientistoperationsb2bsemiconductorfabricationdesignmanufacturingmes,10.0,15.0,12.5,,,Gurugram,Data,data scientistoperationsb2bsemiconductorfabricationdesignmanufacturingmes
data scientist,Data Scientist,Genpact,"Hyderabad, Gurugram, Bengaluru",13-17 Yrs,,Data ScienceGenerative AiNatural Language ProcessingPredictive ModelingLLMMachine LearningDeep LearningPython,13.0,17.0,15.0,,,Hyderabad,Data,data sciencegenerative ainatural language processingpredictive modelingllmmachine learningdeep learningpython
data scientist,Data Scientist-Artificial Intelligence,IBM,Chennai,5-7 Yrs,,data scientistalgorithmspythondata analyticsdata pipelinesai solutionsaienterprise applications,5.0,7.0,6.0,,,Chennai,Data,data scientistalgorithmspythondata analyticsdata pipelinesai solutionsaienterprise applications
data scientist,Principal Data Scientist/Sr Data Scientist - NLP/Machine Learning,Benovymed Healthcare Private Limited,Pune,0-5 Yrs,,Deep LearningData ScienceTensorflowNLPData ScientistArtificial IntelligenceData ModelingMachine Learning,0.0,5.0,2.5,,,Pune,Data,deep learningdata sciencetensorflownlpdata scientistartificial intelligencedata modelingmachine learning
data scientist,Data Scientist / Machine Learning Engineer,Adani Group,Ahmedabad,3-5 Yrs,,Azure DatabricksDatabricks EngineerAirflowEtl PipelinesCloud StorageSparkData ModelingSQL,3.0,5.0,4.0,,,Ahmedabad,Data,azure databricksdatabricks engineerairflowetl pipelinescloud storagesparkdata modelingsql
data scientist,Data Scientist,Tata Consultancy Services,"Hyderabad, Bengaluru, Delhi / NCR",10-18 Yrs,,Generative AiMachine LearningDeep LearningMLOpsLLMOpsMachineArtificial IntelligenceData,10.0,18.0,14.0,,,Hyderabad,Data,generative aimachine learningdeep learningmlopsllmopsmachineartificial intelligencedata
data scientist,Data Scientist Cyber Threat Intelligence,APM Terminals,"Pune, Bengaluru",5-10 Yrs,,Computer scienceAutomationRelationship buildingData qualityContinuous improvementSecurity operationsForecastingOperations,5.0,10.0,7.5,,,Pune,Data,computer scienceautomationrelationship buildingdata qualitycontinuous improvementsecurity operationsforecastingoperations
data scientist,Senior Data Scientist/Machine Learning Engineer,Rakuten Symphony,Hybrid - Bengaluru,7-9 Yrs,,Data ScienceMachine LearningPythonArtificial IntelligenceDeep LearningScienceMachineSenior,7.0,9.0,8.0,,,Hybrid - Bengaluru,Data,data sciencemachine learningpythonartificial intelligencedeep learningsciencemachinesenior
data scientist,Data Scientist,Apple,Hyderabad,0-8 Yrs,,RCAStatistical analysisdata scienceData modelingAnalyticalmarket dataPredictive modelingService sales,0.0,8.0,4.0,,,Hyderabad,Data,rcastatistical analysisdata sciencedata modelinganalyticalmarket datapredictive modelingservice sales
data scientist,Data Scientist-Artificial Intelligence,IBM,Pune,3-7 Yrs,,data scientistpythonai solutionsai frameworksaicloud platformsmachine learningartificial intelligence,3.0,7.0,5.0,,,Pune,Data,data scientistpythonai solutionsai frameworksaicloud platformsmachine learningartificial intelligence
data scientist,Data Scientist - 27th Feb (Friday) Virtual Interview,Tata Consultancy Services,"Kolkata, India",5-10 Yrs,,Data SciencePredictive ModelingStatistical ModelingMachine LearningScienceMachineInterviewingData,5.0,10.0,7.5,,,Kolkata,Data,data sciencepredictive modelingstatistical modelingmachine learningsciencemachineinterviewingdata
data scientist,Data Scientist,Superior Informatics,Remote,0-5 Yrs,"50,000-2 Lacs PA",Data ScienceStatistical ModelingStatisticsPredictive ModelingPredictiveDataScienceModeling,0.0,5.0,2.5,50.0,0.0,Remote,Data,data sciencestatistical modelingstatisticspredictive modelingpredictivedatasciencemodeling
data scientist,Data Scientist-Artificial Intelligence,IBM,Bengaluru,3-7 Yrs,,data scientistpythonai solutionsai frameworks73960aicloud platformsmachine learning,3.0,7.0,5.0,,,Bengaluru,Data,data scientistpythonai solutionsai frameworks73960aicloud platformsmachine learning
data scientist,Data Scientist-Artificial Intelligence,IBM,Hyderabad,3-7 Yrs,,data scientistpythonai solutionsai frameworks73961aicloud platformsmachine learning,3.0,7.0,5.0,,,Hyderabad,Data,data scientistpythonai solutionsai frameworks73961aicloud platformsmachine learning
data scientist,Data Scientist,Razorthink,Bengaluru,0-2 Yrs,,Data ScienceLangGraphGitDockerData ScientistLangChainMLflowHugging Face,0.0,2.0,1.0,,,Bengaluru,Data,data sciencelanggraphgitdockerdata scientistlangchainmlflowhugging face
data scientist,Data Scientist-Artificial Intelligence,IBM,Bengaluru,5-7 Yrs,,data scientistkubernetespythongithubnatural language processingaireactbootstrap,5.0,7.0,6.0,,,Bengaluru,Data,data scientistkubernetespythongithubnatural language processingaireactbootstrap
data scientist,Data Scientist-Artificial Intelligence,IBM,Hyderabad,6-8 Yrs,,data scientistkubernetespythongithubnatural language processingaireactbootstrap,6.0,8.0,7.0,,,Hyderabad,Data,data scientistkubernetespythongithubnatural language processingaireactbootstrap
data scientist,Data Scientist-Artificial Intelligence,IBM,Bengaluru,6-8 Yrs,,data scientistkubernetespythongithubnatural language processingaireactbootstrap,6.0,8.0,7.0,,,Bengaluru,Data,data scientistkubernetespythongithubnatural language processingaireactbootstrap
data scientist,Data Scientist-Artificial Intelligence,IBM,Hyderabad,8-10 Yrs,,data scientistkubernetespythongithubnatural language processingaireactbootstrap,8.0,10.0,9.0,,,Hyderabad,Data,data scientistkubernetespythongithubnatural language processingaireactbootstrap
data scientist,Data Scientist-Artificial Intelligence,IBM,Pune,8-10 Yrs,,data scientistkubernetespythongithubnatural language processingaireactbootstrap,8.0,10.0,9.0,,,Pune,Data,data scientistkubernetespythongithubnatural language processingaireactbootstrap
data scientist,Data Scientist-Artificial Intelligence,IBM,Gurugram,10-15 Yrs,,data scientistoperationsb2bsemiconductorfabricationdesignmanufacturingmes,10.0,15.0,12.5,,,Gurugram,Data,data scientistoperationsb2bsemiconductorfabricationdesignmanufacturingmes
data scientist,Data Scientist,Genpact,"Hyderabad, Gurugram, Bengaluru",13-17 Yrs,,Data ScienceGenerative AiNatural Language ProcessingPredictive ModelingLLMMachine LearningDeep LearningPython,13.0,17.0,15.0,,,Hyderabad,Data,data sciencegenerative ainatural language processingpredictive modelingllmmachine learningdeep learningpython
data scientist,Data Scientist-Artificial Intelligence,IBM,Chennai,5-7 Yrs,,data scientistalgorithmspythondata analyticsdata pipelinesai solutionsaienterprise applications,5.0,7.0,6.0,,,Chennai,Data,data scientistalgorithmspythondata analyticsdata pipelinesai solutionsaienterprise applications
data scientist,Principal Data Scientist/Sr Data Scientist - NLP/Machine Learning,Benovymed Healthcare Private Limited,Pune,0-5 Yrs,,Deep LearningData ScienceTensorflowNLPData ScientistArtificial IntelligenceData ModelingMachine Learning,0.0,5.0,2.5,,,Pune,Data,deep learningdata sciencetensorflownlpdata scientistartificial intelligencedata modelingmachine learning
data scientist,Data Scientist / Machine Learning Engineer,Adani Group,Ahmedabad,3-5 Yrs,,Azure DatabricksDatabricks EngineerAirflowEtl PipelinesCloud StorageSparkData ModelingSQL,3.0,5.0,4.0,,,Ahmedabad,Data,azure databricksdatabricks engineerairflowetl pipelinescloud storagesparkdata modelingsql
data scientist,Data Scientist,Tata Consultancy Services,"Hyderabad, Bengaluru, Delhi / NCR",10-18 Yrs,,Generative AiMachine LearningDeep LearningMLOpsLLMOpsMachineArtificial IntelligenceData,10.0,18.0,14.0,,,Hyderabad,Data,generative aimachine learningdeep learningmlopsllmopsmachineartificial intelligencedata
data scientist,Data Scientist Cyber Threat Intelligence,APM Terminals,"Pune, Bengaluru",5-10 Yrs,,Computer scienceAutomationRelationship buildingData qualityContinuous improvementSecurity operationsForecastingOperations,5.0,10.0,7.5,,,Pune,Data,computer scienceautomationrelationship buildingdata qualitycontinuous improvementsecurity operationsforecastingoperations
data scientist,Senior Data Scientist/Machine Learning Engineer,Rakuten Symphony,Hybrid - Bengaluru,7-9 Yrs,,Data ScienceMachine LearningPythonArtificial IntelligenceDeep LearningScienceMachineSenior,7.0,9.0,8.0,,,Hybrid - Bengaluru,Data,data sciencemachine learningpythonartificial intelligencedeep learningsciencemachinesenior
data scientist,Data Scientist,Apple,Hyderabad,0-8 Yrs,,RCAStatistical analysisdata scienceData modelingAnalyticalmarket dataPredictive modelingService sales,0.0,8.0,4.0,,,Hyderabad,Data,rcastatistical analysisdata sciencedata modelinganalyticalmarket datapredictive modelingservice sales
data scientist,Data Scientist-Artificial Intelligence,IBM,Pune,3-7 Yrs,,data scientistpythonai solutionsai frameworksaicloud platformsmachine learningartificial intelligence,3.0,7.0,5.0,,,Pune,Data,data scientistpythonai solutionsai frameworksaicloud platformsmachine learningartificial intelligence
data scientist,Data Scientist - 27th Feb (Friday) Virtual Interview,Tata Consultancy Services,"Kolkata, India",5-10 Yrs,,Data SciencePredictive ModelingStatistical ModelingMachine LearningScienceMachineInterviewingData,5.0,10.0,7.5,,,Kolkata,Data,data sciencepredictive modelingstatistical modelingmachine learningsciencemachineinterviewingdata
data scientist,Data Scientist,Superior Informatics,Remote,0-5 Yrs,"50,000-2 Lacs PA",Data ScienceStatistical ModelingStatisticsPredictive ModelingPredictiveDataScienceModeling,0.0,5.0,2.5,50.0,0.0,Remote,Data,data sciencestatistical modelingstatisticspredictive modelingpredictivedatasciencemodeling
data scientist,Data Scientist-Artificial Intelligence,IBM,Bengaluru,3-7 Yrs,,data scientistpythonai solutionsai frameworks73960aicloud platformsmachine learning,3.0,7.0,5.0,,,Bengaluru,Data,data scientistpythonai solutionsai frameworks73960aicloud platformsmachine learning
data scientist,Data Scientist-Artificial Intelligence,IBM,Hyderabad,3-7 Yrs,,data scientistpythonai solutionsai frameworks73961aicloud platformsmachine learning,3.0,7.0,5.0,,,Hyderabad,Data,data scientistpythonai solutionsai frameworks73961aicloud platformsmachine learning
data scientist,Data Scientist,Razorthink,Bengaluru,0-2 Yrs,,Data ScienceLangGraphGitDockerData ScientistLangChainMLflowHugging Face,0.0,2.0,1.0,,,Bengaluru,Data,data sciencelanggraphgitdockerdata scientistlangchainmlflowhugging face
data scientist,Data Scientist-Artificial Intelligence,IBM,Bengaluru,5-7 Yrs,,data scientistkubernetespythongithubnatural language processingaireactbootstrap,5.0,7.0,6.0,,,Bengaluru,Data,data scientistkubernetespythongithubnatural language processingaireactbootstrap
data scientist,Data Scientist-Artificial Intelligence,IBM,Hyderabad,6-8 Yrs,,data scientistkubernetespythongithubnatural language processingaireactbootstrap,6.0,8.0,7.0,,,Hyderabad,Data,data scientistkubernetespythongithubnatural language processingaireactbootstrap
data scientist,Data Scientist-Artificial Intelligence,IBM,Bengaluru,6-8 Yrs,,data scientistkubernetespythongithubnatural language processingaireactbootstrap,6.0,8.0,7.0,,,Bengaluru,Data,data scientistkubernetespythongithubnatural language processingaireactbootstrap
data scientist,Data Scientist-Artificial Intelligence,IBM,Hyderabad,8-10 Yrs,,data scientistkubernetespythongithubnatural language processingaireactbootstrap,8.0,10.0,9.0,,,Hyderabad,Data,data scientistkubernetespythongithubnatural language processingaireactbootstrap
data scientist,Data Scientist-Artificial Intelligence,IBM,Pune,8-10 Yrs,,data scientistkubernetespythongithubnatural language processingaireactbootstrap,8.0,10.0,9.0,,,Pune,Data,data scientistkubernetespythongithubnatural language processingaireactbootstrap
data scientist,Data Scientist-Artificial Intelligence,IBM,Gurugram,10-15 Yrs,,data scientistoperationsb2bsemiconductorfabricationdesignmanufacturingmes,10.0,15.0,12.5,,,Gurugram,Data,data scientistoperationsb2bsemiconductorfabricationdesignmanufacturingmes
data scientist,Data Scientist,Genpact,"Hyderabad, Gurugram, Bengaluru",13-17 Yrs,,Data ScienceGenerative AiNatural Language ProcessingPredictive ModelingLLMMachine LearningDeep LearningPython,13.0,17.0,15.0,,,Hyderabad,Data,data sciencegenerative ainatural language processingpredictive modelingllmmachine learningdeep learningpython
data scientist,Data Scientist-Artificial Intelligence,IBM,Chennai,5-7 Yrs,,data scientistalgorithmspythondata analyticsdata pipelinesai solutionsaienterprise applications,5.0,7.0,6.0,,,Chennai,Data,data scientistalgorithmspythondata analyticsdata pipelinesai solutionsaienterprise applications
data scientist,Principal Data Scientist/Sr Data Scientist - NLP/Machine Learning,Benovymed Healthcare Private Limited,Pune,0-5 Yrs,,Deep LearningData ScienceTensorflowNLPData ScientistArtificial IntelligenceData ModelingMachine Learning,0.0,5.0,2.5,,,Pune,Data,deep learningdata sciencetensorflownlpdata scientistartificial intelligencedata modelingmachine learning
data scientist,Data Scientist / Machine Learning Engineer,Adani Group,Ahmedabad,3-5 Yrs,,Azure DatabricksDatabricks EngineerAirflowEtl PipelinesCloud StorageSparkData ModelingSQL,3.0,5.0,4.0,,,Ahmedabad,Data,azure databricksdatabricks engineerairflowetl pipelinescloud storagesparkdata modelingsql
data scientist,Data Scientist,Tata Consultancy Services,"Hyderabad, Bengaluru, Delhi / NCR",10-18 Yrs,,Generative AiMachine LearningDeep LearningMLOpsLLMOpsMachineArtificial IntelligenceData,10.0,18.0,14.0,,,Hyderabad,Data,generative aimachine learningdeep learningmlopsllmopsmachineartificial intelligencedata
data scientist,Data Scientist Cyber Threat Intelligence,APM Terminals,"Pune, Bengaluru",5-10 Yrs,,Computer scienceAutomationRelationship buildingData qualityContinuous improvementSecurity operationsForecastingOperations,5.0,10.0,7.5,,,Pune,Data,computer scienceautomationrelationship buildingdata qualitycontinuous improvementsecurity operationsforecastingoperations
data scientist,Senior Data Scientist/Machine Learning Engineer,Rakuten Symphony,Hybrid - Bengaluru,7-9 Yrs,,Data ScienceMachine LearningPythonArtificial IntelligenceDeep LearningScienceMachineSenior,7.0,9.0,8.0,,,Hybrid - Bengaluru,Data,data sciencemachine learningpythonartificial intelligencedeep learningsciencemachinesenior
full stack developer,FULL STACK DEVELOPER,Godigi Infotech,Pune,0-1 Yrs,,UsagePrototypeGITCodingSoftware development life cycleData structuresHTTPJSON,0.0,1.0,0.5,,,Pune,Developer,usageprototypegitcodingsoftware development life cycledata structureshttpjson
full stack developer,Full Stack Developer Apple Ads,Apple,Hyderabad,0-10 Yrs,,continuous integrationBackendFront endScalabilityFocusAgileManager TechnologyIOS app,0.0,10.0,5.0,,,Hyderabad,Developer,continuous integrationbackendfront endscalabilityfocusagilemanager technologyios app
full stack developer,Full stack developer,ABB,Bengaluru,3-5 Yrs,,full stack developerfront endcssaireactui uxdockergit,3.0,5.0,4.0,,,Bengaluru,Developer,full stack developerfront endcssaireactui uxdockergit
full stack developer,Full-stack Developer,Oracle,Bengaluru,4-9 Yrs,,algorithmssystem softwarenode.jsweb applicationrestjavascriptdevopsdistributioncommunication skillsDevelopment,4.0,9.0,6.5,,,Bengaluru,Developer,algorithmssystem softwarenode.jsweb applicationrestjavascriptdevopsdistributioncommunication skillsdevelopment
full stack developer,Full Stack Developer,Tantra Track,Mysuru,0-4 Yrs,,database managementMERN/MEAN stackbackendfrontendREST APIsDevelopmentAPIDBMS,0.0,4.0,2.0,,,Mysuru,Developer,database managementmern/mean stackbackendfrontendrest apisdevelopmentapidbms
full stack developer,Full Stack Developer,Barclays,Pune,0-9 Yrs,,AnalystMavenCodingDebuggingService excellenceManager TechnologyOracleOperations,0.0,9.0,4.5,,,Pune,Developer,analystmavencodingdebuggingservice excellencemanager technologyoracleoperations
full stack developer,Configurator Solution Specialist - Full Stack Developer,ABB,Bengaluru,4-9 Yrs,,full stack developerkubernetescssrestfulsqlmicroservicesdockerpostgresql,4.0,9.0,6.5,,,Bengaluru,Developer,full stack developerkubernetescssrestfulsqlmicroservicesdockerpostgresql
full stack developer,Full Stack Developer,Clifyx Technology,Bengaluru,7-9 Yrs,,UI developmentCodingDebuggingJavascriptStored proceduresInvestment bankingUnit testingCapital market,7.0,9.0,8.0,,,Bengaluru,Developer,ui developmentcodingdebuggingjavascriptstored proceduresinvestment bankingunit testingcapital market
full stack developer,Full Stack Developer,Oracle,Mumbai,4-7 Yrs,,jmsbiphtmljiraobieeagilejunitjmeterapache tomcatFull Stack,4.0,7.0,5.5,,,Mumbai,Developer,jmsbiphtmljiraobieeagilejunitjmeterapache tomcatfull stack
full stack developer,Full Stack Developer,Mittal Alliance Industries,Indore,2-4 Yrs,,fullstack developmentstack developmentcssc++bootstrapjquerysqlnotepad++,2.0,4.0,3.0,,,Indore,Developer,fullstack developmentstack developmentcssc++bootstrapjquerysqlnotepad++
full stack developer,Full stack Developer,Ford,Chennai,3-8 Yrs,,System architectureAutomationSoftware designGCPAgileContinuous improvementAutomotiveMonitoring,3.0,8.0,5.5,,,Chennai,Developer,system architectureautomationsoftware designgcpagilecontinuous improvementautomotivemonitoring
full stack developer,Staff Full Stack Developer - React / Node,Equinix,Bengaluru,4-8 Yrs,,full stack developerfront endcsshtml5reactJMeterredismicroservices,4.0,8.0,6.0,,,Bengaluru,Developer,full stack developerfront endcsshtml5reactjmeterredismicroservices
full stack developer,Full Stack Developer,Exxon Mobil Corporation,Bengaluru,6-11 Yrs,,continuous integrationgitsoftware developmentjavascriptsystem designtypescriptmonolithic architectureserverless architecturemicroservicesDesign,6.0,11.0,8.5,,,Bengaluru,Developer,continuous integrationgitsoftware developmentjavascriptsystem designtypescriptmonolithic architectureserverless architecturemicroservicesdesign
full stack developer,Microsoft full stack developer,Hexaware Technologies,"Hybrid - Chennai, Bengaluru, Mumbai (All Areas)",9-12 Yrs,18-25 Lacs PA,C#.Net Core.NetAngularSQLNet MvcCoreMVC,9.0,12.0,10.5,18.0,25.0,Hybrid - Chennai,Developer,c#.net core.netangularsqlnet mvccoremvc
full stack developer,Full Stack developer,ADP,Hyderabad,3-9 Yrs,,Product managementPayrollFront endWeb developmentEquityData structuresJSONMiddleware,3.0,9.0,6.0,,,Hyderabad,Developer,product managementpayrollfront endweb developmentequitydata structuresjsonmiddleware
full stack developer,Full Stack Developer,Prodapt Solutions,Bengaluru,5-10 Yrs,,full stack developerrestreduxgithubrestfulhtml5reactbootstrap,5.0,10.0,7.5,,,Bengaluru,Developer,full stack developerrestreduxgithubrestfulhtml5reactbootstrap
full stack developer,Full Stack Developer,Engineering Industries Excellence,New Delhi,5-9 Yrs,,Supply chainVersion controlGITWeb technologiesWeb servicesControl systemCloudJavascript,5.0,9.0,7.0,,,New Delhi,Developer,supply chainversion controlgitweb technologiesweb servicescontrol systemcloudjavascript
full stack developer,Full stack Developer,Quest Global,Hybrid - Bengaluru,6-9 Yrs,,Full stack DeveloperNoSQLPostgresqlASP.NetAngularOauthCSSBackend,6.0,9.0,7.5,,,Hybrid - Bengaluru,Developer,full stack developernosqlpostgresqlasp.netangularoauthcssbackend
full stack developer,Full Stack Developer with AI (Microsoft Low Code AI),Suzva Software Technologies,"Chennai, Bengaluru",5-10 Yrs,,full stack developerfront endrestcssfull stack developmentrest apiaireact,5.0,10.0,7.5,,,Chennai,Developer,full stack developerfront endrestcssfull stack developmentrest apiaireact
full stack developer,SAP BTP Full Stack developer,Thoucentric,Hybrid - Bengaluru,6-11 Yrs,,Fullstack DevelopmentBtp IntegrationBTPIntegrationSAPDevelopmentFull StackStack,6.0,11.0,8.5,,,Hybrid - Bengaluru,Developer,fullstack developmentbtp integrationbtpintegrationsapdevelopmentfull stackstack
full stack developer,FULL STACK DEVELOPER,Godigi Infotech,Pune,0-1 Yrs,,UsagePrototypeGITCodingSoftware development life cycleData structuresHTTPJSON,0.0,1.0,0.5,,,Pune,Developer,usageprototypegitcodingsoftware development life cycledata structureshttpjson
full stack developer,Full Stack Developer Apple Ads,Apple,Hyderabad,0-10 Yrs,,continuous integrationBackendFront endScalabilityFocusAgileManager TechnologyIOS app,0.0,10.0,5.0,,,Hyderabad,Developer,continuous integrationbackendfront endscalabilityfocusagilemanager technologyios app
full stack developer,Full stack developer,ABB,Bengaluru,3-5 Yrs,,full stack developerfront endcssaireactui uxdockergit,3.0,5.0,4.0,,,Bengaluru,Developer,full stack developerfront endcssaireactui uxdockergit
full stack developer,Full-stack Developer,Oracle,Bengaluru,4-9 Yrs,,algorithmssystem softwarenode.jsweb applicationrestjavascriptdevopsdistributioncommunication skillsDevelopment,4.0,9.0,6.5,,,Bengaluru,Developer,algorithmssystem softwarenode.jsweb applicationrestjavascriptdevopsdistributioncommunication skillsdevelopment
full stack developer,Full Stack Developer,Tantra Track,Mysuru,0-4 Yrs,,database managementMERN/MEAN stackbackendfrontendREST APIsDevelopmentAPIDBMS,0.0,4.0,2.0,,,Mysuru,Developer,database managementmern/mean stackbackendfrontendrest apisdevelopmentapidbms
full stack developer,Full Stack Developer,Barclays,Pune,0-9 Yrs,,AnalystMavenCodingDebuggingService excellenceManager TechnologyOracleOperations,0.0,9.0,4.5,,,Pune,Developer,analystmavencodingdebuggingservice excellencemanager technologyoracleoperations
full stack developer,Configurator Solution Specialist - Full Stack Developer,ABB,Bengaluru,4-9 Yrs,,full stack developerkubernetescssrestfulsqlmicroservicesdockerpostgresql,4.0,9.0,6.5,,,Bengaluru,Developer,full stack developerkubernetescssrestfulsqlmicroservicesdockerpostgresql
full stack developer,Full Stack Developer,Clifyx Technology,Bengaluru,7-9 Yrs,,UI developmentCodingDebuggingJavascriptStored proceduresInvestment bankingUnit testingCapital market,7.0,9.0,8.0,,,Bengaluru,Developer,ui developmentcodingdebuggingjavascriptstored proceduresinvestment bankingunit testingcapital market
full stack developer,Full Stack Developer,Oracle,Mumbai,4-7 Yrs,,jmsbiphtmljiraobieeagilejunitjmeterapache tomcatFull Stack,4.0,7.0,5.5,,,Mumbai,Developer,jmsbiphtmljiraobieeagilejunitjmeterapache tomcatfull stack
full stack developer,Full Stack Developer,Mittal Alliance Industries,Indore,2-4 Yrs,,fullstack developmentstack developmentcssc++bootstrapjquerysqlnotepad++,2.0,4.0,3.0,,,Indore,Developer,fullstack developmentstack developmentcssc++bootstrapjquerysqlnotepad++
full stack developer,Full stack Developer,Ford,Chennai,3-8 Yrs,,System architectureAutomationSoftware designGCPAgileContinuous improvementAutomotiveMonitoring,3.0,8.0,5.5,,,Chennai,Developer,system architectureautomationsoftware designgcpagilecontinuous improvementautomotivemonitoring
full stack developer,Staff Full Stack Developer - React / Node,Equinix,Bengaluru,4-8 Yrs,,full stack developerfront endcsshtml5reactJMeterredismicroservices,4.0,8.0,6.0,,,Bengaluru,Developer,full stack developerfront endcsshtml5reactjmeterredismicroservices
full stack developer,Full Stack Developer,Exxon Mobil Corporation,Bengaluru,6-11 Yrs,,continuous integrationgitsoftware developmentjavascriptsystem designtypescriptmonolithic architectureserverless architecturemicroservicesDesign,6.0,11.0,8.5,,,Bengaluru,Developer,continuous integrationgitsoftware developmentjavascriptsystem designtypescriptmonolithic architectureserverless architecturemicroservicesdesign
full stack developer,Microsoft full stack developer,Hexaware Technologies,"Hybrid - Chennai, Bengaluru, Mumbai (All Areas)",9-12 Yrs,18-25 Lacs PA,C#.Net Core.NetAngularSQLNet MvcCoreMVC,9.0,12.0,10.5,18.0,25.0,Hybrid - Chennai,Developer,c#.net core.netangularsqlnet mvccoremvc
full stack developer,Full Stack developer,ADP,Hyderabad,3-9 Yrs,,Product managementPayrollFront endWeb developmentEquityData structuresJSONMiddleware,3.0,9.0,6.0,,,Hyderabad,Developer,product managementpayrollfront endweb developmentequitydata structuresjsonmiddleware
full stack developer,Full Stack Developer,Prodapt Solutions,Bengaluru,5-10 Yrs,,full stack developerrestreduxgithubrestfulhtml5reactbootstrap,5.0,10.0,7.5,,,Bengaluru,Developer,full stack developerrestreduxgithubrestfulhtml5reactbootstrap
full stack developer,Full Stack Developer,Engineering Industries Excellence,New Delhi,5-9 Yrs,,Supply chainVersion controlGITWeb technologiesWeb servicesControl systemCloudJavascript,5.0,9.0,7.0,,,New Delhi,Developer,supply chainversion controlgitweb technologiesweb servicescontrol systemcloudjavascript
full stack developer,Full stack Developer,Quest Global,Hybrid - Bengaluru,6-9 Yrs,,Full stack DeveloperNoSQLPostgresqlASP.NetAngularOauthCSSBackend,6.0,9.0,7.5,,,Hybrid - Bengaluru,Developer,full stack developernosqlpostgresqlasp.netangularoauthcssbackend
full stack developer,Full Stack Developer with AI (Microsoft Low Code AI),Suzva Software Technologies,"Chennai, Bengaluru",5-10 Yrs,,full stack developerfront endrestcssfull stack developmentrest apiaireact,5.0,10.0,7.5,,,Chennai,Developer,full stack developerfront endrestcssfull stack developmentrest apiaireact
full stack developer,SAP BTP Full Stack developer,Thoucentric,Hybrid - Bengaluru,6-11 Yrs,,Fullstack DevelopmentBtp IntegrationBTPIntegrationSAPDevelopmentFull StackStack,6.0,11.0,8.5,,,Hybrid - Bengaluru,Developer,fullstack developmentbtp integrationbtpintegrationsapdevelopmentfull stackstack
full stack developer,FULL STACK DEVELOPER,Godigi Infotech,Pune,0-1 Yrs,,UsagePrototypeGITCodingSoftware development life cycleData structuresHTTPJSON,0.0,1.0,0.5,,,Pune,Developer,usageprototypegitcodingsoftware development life cycledata structureshttpjson
full stack developer,Full Stack Developer Apple Ads,Apple,Hyderabad,0-10 Yrs,,continuous integrationBackendFront endScalabilityFocusAgileManager TechnologyIOS app,0.0,10.0,5.0,,,Hyderabad,Developer,continuous integrationbackendfront endscalabilityfocusagilemanager technologyios app
full stack developer,Full stack developer,ABB,Bengaluru,3-5 Yrs,,full stack developerfront endcssaireactui uxdockergit,3.0,5.0,4.0,,,Bengaluru,Developer,full stack developerfront endcssaireactui uxdockergit
full stack developer,Full-stack Developer,Oracle,Bengaluru,4-9 Yrs,,algorithmssystem softwarenode.jsweb applicationrestjavascriptdevopsdistributioncommunication skillsDevelopment,4.0,9.0,6.5,,,Bengaluru,Developer,algorithmssystem softwarenode.jsweb applicationrestjavascriptdevopsdistributioncommunication skillsdevelopment
full stack developer,Full Stack Developer,Tantra Track,Mysuru,0-4 Yrs,,database managementMERN/MEAN stackbackendfrontendREST APIsDevelopmentAPIDBMS,0.0,4.0,2.0,,,Mysuru,Developer,database managementmern/mean stackbackendfrontendrest apisdevelopmentapidbms
full stack developer,Full Stack Developer,Barclays,Pune,0-9 Yrs,,AnalystMavenCodingDebuggingService excellenceManager TechnologyOracleOperations,0.0,9.0,4.5,,,Pune,Developer,analystmavencodingdebuggingservice excellencemanager technologyoracleoperations
full stack developer,Configurator Solution Specialist - Full Stack Developer,ABB,Bengaluru,4-9 Yrs,,full stack developerkubernetescssrestfulsqlmicroservicesdockerpostgresql,4.0,9.0,6.5,,,Bengaluru,Developer,full stack developerkubernetescssrestfulsqlmicroservicesdockerpostgresql
full stack developer,Full Stack Developer,Clifyx Technology,Bengaluru,7-9 Yrs,,UI developmentCodingDebuggingJavascriptStored proceduresInvestment bankingUnit testingCapital market,7.0,9.0,8.0,,,Bengaluru,Developer,ui developmentcodingdebuggingjavascriptstored proceduresinvestment bankingunit testingcapital market
full stack developer,Full Stack Developer,Oracle,Mumbai,4-7 Yrs,,jmsbiphtmljiraobieeagilejunitjmeterapache tomcatFull Stack,4.0,7.0,5.5,,,Mumbai,Developer,jmsbiphtmljiraobieeagilejunitjmeterapache tomcatfull stack
full stack developer,Full Stack Developer,Mittal Alliance Industries,Indore,2-4 Yrs,,fullstack developmentstack developmentcssc++bootstrapjquerysqlnotepad++,2.0,4.0,3.0,,,Indore,Developer,fullstack developmentstack developmentcssc++bootstrapjquerysqlnotepad++
full stack developer,Full stack Developer,Ford,Chennai,3-8 Yrs,,System architectureAutomationSoftware designGCPAgileContinuous improvementAutomotiveMonitoring,3.0,8.0,5.5,,,Chennai,Developer,system architectureautomationsoftware designgcpagilecontinuous improvementautomotivemonitoring
full stack developer,Staff Full Stack Developer - React / Node,Equinix,Bengaluru,4-8 Yrs,,full stack developerfront endcsshtml5reactJMeterredismicroservices,4.0,8.0,6.0,,,Bengaluru,Developer,full stack developerfront endcsshtml5reactjmeterredismicroservices
full stack developer,Full Stack Developer,Exxon Mobil Corporation,Bengaluru,6-11 Yrs,,continuous integrationgitsoftware developmentjavascriptsystem designtypescriptmonolithic architectureserverless architecturemicroservicesDesign,6.0,11.0,8.5,,,Bengaluru,Developer,continuous integrationgitsoftware developmentjavascriptsystem designtypescriptmonolithic architectureserverless architecturemicroservicesdesign
full stack developer,Microsoft full stack developer,Hexaware Technologies,"Hybrid - Chennai, Bengaluru, Mumbai (All Areas)",9-12 Yrs,18-25 Lacs PA,C#.Net Core.NetAngularSQLNet MvcCoreMVC,9.0,12.0,10.5,18.0,25.0,Hybrid - Chennai,Developer,c#.net core.netangularsqlnet mvccoremvc
full stack developer,Full Stack developer,ADP,Hyderabad,3-9 Yrs,,Product managementPayrollFront endWeb developmentEquityData structuresJSONMiddleware,3.0,9.0,6.0,,,Hyderabad,Developer,product managementpayrollfront endweb developmentequitydata structuresjsonmiddleware
full stack developer,Full Stack Developer,Prodapt Solutions,Bengaluru,5-10 Yrs,,full stack developerrestreduxgithubrestfulhtml5reactbootstrap,5.0,10.0,7.5,,,Bengaluru,Developer,full stack developerrestreduxgithubrestfulhtml5reactbootstrap
full stack developer,Full Stack Developer,Engineering Industries Excellence,New Delhi,5-9 Yrs,,Supply chainVersion controlGITWeb technologiesWeb servicesControl systemCloudJavascript,5.0,9.0,7.0,,,New Delhi,Developer,supply chainversion controlgitweb technologiesweb servicescontrol systemcloudjavascript
full stack developer,Full stack Developer,Quest Global,Hybrid - Bengaluru,6-9 Yrs,,Full stack DeveloperNoSQLPostgresqlASP.NetAngularOauthCSSBackend,6.0,9.0,7.5,,,Hybrid - Bengaluru,Developer,full stack developernosqlpostgresqlasp.netangularoauthcssbackend
full stack developer,Full Stack Developer with AI (Microsoft Low Code AI),Suzva Software Technologies,"Chennai, Bengaluru",5-10 Yrs,,full stack developerfront endrestcssfull stack developmentrest apiaireact,5.0,10.0,7.5,,,Chennai,Developer,full stack developerfront endrestcssfull stack developmentrest apiaireact
full stack developer,SAP BTP Full Stack developer,Thoucentric,Hybrid - Bengaluru,6-11 Yrs,,Fullstack DevelopmentBtp IntegrationBTPIntegrationSAPDevelopmentFull StackStack,6.0,11.0,8.5,,,Hybrid - Bengaluru,Developer,fullstack developmentbtp integrationbtpintegrationsapdevelopmentfull stackstack
devops engineer,Devops Engineer,Quest Global,Hybrid - Bengaluru,5-8 Yrs,15-20 Lacs PA,Ci/CdCmakeLinuxmakefileGitlabBashConanJIRA,5.0,8.0,6.5,15.0,20.0,Hybrid - Bengaluru,DevOps/Cloud,ci/cdcmakelinuxmakefilegitlabbashconanjira
devops engineer,Devops Engineer - Bhubaneshwar,Gravity Engineering Services,Bhubaneswar,4-7 Yrs,9-13 Lacs PA,DevopsJenkinsTerraformGCPPrometheusCi/CdAWSKubernetes,4.0,7.0,5.5,9.0,13.0,Bhubaneswar,DevOps/Cloud,devopsjenkinsterraformgcpprometheusci/cdawskubernetes
devops engineer,Devops Engineer(Python),Tata Consultancy Services,Hyderabad,8-13 Yrs,,Ci/CdDevopsPythonCdCdContinuous Integration,8.0,13.0,10.5,,,Hyderabad,DevOps/Cloud,ci/cddevopspythoncdcdcontinuous integration
devops engineer,DevOps Engineer,Accenture,Bengaluru,3-6 Yrs,,kubernetesdockerdevopsterraformawscontainercontinuous integrationci/cd,3.0,6.0,4.5,,,Bengaluru,DevOps/Cloud,kubernetesdockerdevopsterraformawscontainercontinuous integrationci/cd
devops engineer,Devops Engineer,Careernet,Ghaziabad,3-5 Yrs,,JenkinsMavenDevOpsGCPCICDAmazon Elastic CloudAzure CloudKubernetes,3.0,5.0,4.0,,,Ghaziabad,DevOps/Cloud,jenkinsmavendevopsgcpcicdamazon elastic cloudazure cloudkubernetes
devops engineer,DevOps Engineer,Accenture,Bengaluru,3-6 Yrs,,devops engineerkubernetescontinuous integrationsoftware developmentaicloud platformscloud technologiesdocker,3.0,6.0,4.5,,,Bengaluru,DevOps/Cloud,devops engineerkubernetescontinuous integrationsoftware developmentaicloud platformscloud technologiesdocker
devops engineer,DevOps Engineer,Accenture,Bengaluru,3-8 Yrs,,kubernetesdockersalesforcedevopsjenkinscontinuous integrationpythonversion control,3.0,8.0,5.5,,,Bengaluru,DevOps/Cloud,kubernetesdockersalesforcedevopsjenkinscontinuous integrationpythonversion control
devops engineer,DevOps Engineer,Accenture,Bengaluru,3-6 Yrs,,devops engineerkubernetescontinuous integrationsoftware developmentaicloud platformscloud technologiesdocker,3.0,6.0,4.5,,,Bengaluru,DevOps/Cloud,devops engineerkubernetescontinuous integrationsoftware developmentaicloud platformscloud technologiesdocker
devops engineer,DevOps Engineer,Accenture,Bengaluru,3-6 Yrs,,devops engineerkubernetescontinuous integrationsoftware developmentaicloud platformscloud technologiesdocker,3.0,6.0,4.5,,,Bengaluru,DevOps/Cloud,devops engineerkubernetescontinuous integrationsoftware developmentaicloud platformscloud technologiesdocker
devops engineer,DevOps Engineer,Accenture,Bengaluru,3-6 Yrs,,devops engineerkubernetescontinuous integrationsoftware developmentATCI-5327489-S1942864aicloud platformscloud technologies,3.0,6.0,4.5,,,Bengaluru,DevOps/Cloud,devops engineerkubernetescontinuous integrationsoftware developmentatci-5327489-s1942864aicloud platformscloud technologies
devops engineer,Devops Engineer,HCLTech,"Chennai, Bengaluru",5-7 Yrs,9-14 Lacs PA,Azure CloudCi/CdDevopsAWSKubernetespythonPowershellBash,5.0,7.0,6.0,9.0,14.0,Chennai,DevOps/Cloud,azure cloudci/cddevopsawskubernetespythonpowershellbash
devops engineer,Devops Engineer,Tata Consultancy Services,,,,TerraformAnsibleCi/CdJenkinsDockerKubernetesContinuous IntegrationCd,,,,,,nan,DevOps/Cloud,terraformansibleci/cdjenkinsdockerkubernetescontinuous integrationcd
devops engineer,DevOps Engineer,Accenture,Bengaluru,3-6 Yrs,,devops engineerkubernetescontinuous integrationweb servicesamazon web servicesdocker swarmcloud technologiesdocker,3.0,6.0,4.5,,,Bengaluru,DevOps/Cloud,devops engineerkubernetescontinuous integrationweb servicesamazon web servicesdocker swarmcloud technologiesdocker
devops engineer,GCP Devops Engineer,Infinity Quest,"Hybrid - Hyderabad, Chennai, Bengaluru",7-12 Yrs,,GCP DevopsIaCCompute EngineCloud StorageCloud SQLBigQueryDockerKubernetes Engine,7.0,12.0,9.5,,,Hybrid - Hyderabad,DevOps/Cloud,gcp devopsiaccompute enginecloud storagecloud sqlbigquerydockerkubernetes engine
devops engineer,GCP Devops Engineer,Manpowergroup Services India,"Hybrid - Hyderabad, Pune, Bengaluru",6-10 Yrs,,Agile MethodologyContainerizationIacCi/CdGoogle Cloud PlatformsTerraformCommunication & CollaborationVersion Control Systems Svn,6.0,10.0,8.0,,,Hybrid - Hyderabad,DevOps/Cloud,agile methodologycontainerizationiacci/cdgoogle cloud platformsterraformcommunication & collaborationversion control systems svn
devops engineer,DevOps Engineer,Accenture,Pune,3-6 Yrs,,devopscontainerkubernetespythonnagiosci/cdmicrosoft azuregoogle,3.0,6.0,4.5,,,Pune,DevOps/Cloud,devopscontainerkubernetespythonnagiosci/cdmicrosoft azuregoogle
devops engineer,DevOps Engineer,Accenture,Bengaluru,5-10 Yrs,,devops engineercloudcontinuous integrationsapsoftware developmentdevopscompliancecontinuous deployment,5.0,10.0,7.5,,,Bengaluru,DevOps/Cloud,devops engineercloudcontinuous integrationsapsoftware developmentdevopscompliancecontinuous deployment
devops engineer,Devops Engineer,URS Systems,"Noida, Gurugram, Bengaluru",4-9 Yrs,,DockerShell ScriptingAnsiblePythonKubernetesAws DevopsTerraformLinux,4.0,9.0,6.5,,,Noida,DevOps/Cloud,dockershell scriptingansiblepythonkubernetesaws devopsterraformlinux
devops engineer,DevOps Engineer,Accenture,Pune,15-20 Yrs,,continuous integrationcopadoci/cdsalesforcedevopscontainerkubernetespython,15.0,20.0,17.5,,,Pune,DevOps/Cloud,continuous integrationcopadoci/cdsalesforcedevopscontainerkubernetespython
devops engineer,Devops Engineer,IGT Solutions,"Hybrid - Pune, Gurugram",5-8 Yrs,,Ansible AutomationCi Cd PipelineJenkins CiAzure DevopsLinux SystemDockerTerraformKubernetes,5.0,8.0,6.5,,,Hybrid - Pune,DevOps/Cloud,ansible automationci cd pipelinejenkins ciazure devopslinux systemdockerterraformkubernetes
devops engineer,Devops Engineer,Quest Global,Hybrid - Bengaluru,5-8 Yrs,15-20 Lacs PA,Ci/CdCmakeLinuxmakefileGitlabBashConanJIRA,5.0,8.0,6.5,15.0,20.0,Hybrid - Bengaluru,DevOps/Cloud,ci/cdcmakelinuxmakefilegitlabbashconanjira
devops engineer,Devops Engineer - Bhubaneshwar,Gravity Engineering Services,Bhubaneswar,4-7 Yrs,9-13 Lacs PA,DevopsJenkinsTerraformGCPPrometheusCi/CdAWSKubernetes,4.0,7.0,5.5,9.0,13.0,Bhubaneswar,DevOps/Cloud,devopsjenkinsterraformgcpprometheusci/cdawskubernetes
devops engineer,Devops Engineer(Python),Tata Consultancy Services,Hyderabad,8-13 Yrs,,Ci/CdDevopsPythonCdCdContinuous Integration,8.0,13.0,10.5,,,Hyderabad,DevOps/Cloud,ci/cddevopspythoncdcdcontinuous integration
devops engineer,DevOps Engineer,Accenture,Bengaluru,3-6 Yrs,,kubernetesdockerdevopsterraformawscontainercontinuous integrationci/cd,3.0,6.0,4.5,,,Bengaluru,DevOps/Cloud,kubernetesdockerdevopsterraformawscontainercontinuous integrationci/cd
devops engineer,Devops Engineer,Careernet,Ghaziabad,3-5 Yrs,,JenkinsMavenDevOpsGCPCICDAmazon Elastic CloudAzure CloudKubernetes,3.0,5.0,4.0,,,Ghaziabad,DevOps/Cloud,jenkinsmavendevopsgcpcicdamazon elastic cloudazure cloudkubernetes
devops engineer,DevOps Engineer,Accenture,Bengaluru,3-6 Yrs,,devops engineerkubernetescontinuous integrationsoftware developmentaicloud platformscloud technologiesdocker,3.0,6.0,4.5,,,Bengaluru,DevOps/Cloud,devops engineerkubernetescontinuous integrationsoftware developmentaicloud platformscloud technologiesdocker
devops engineer,DevOps Engineer,Accenture,Bengaluru,3-8 Yrs,,kubernetesdockersalesforcedevopsjenkinscontinuous integrationpythonversion control,3.0,8.0,5.5,,,Bengaluru,DevOps/Cloud,kubernetesdockersalesforcedevopsjenkinscontinuous integrationpythonversion control
devops engineer,DevOps Engineer,Accenture,Bengaluru,3-6 Yrs,,devops engineerkubernetescontinuous integrationsoftware developmentaicloud platformscloud technologiesdocker,3.0,6.0,4.5,,,Bengaluru,DevOps/Cloud,devops engineerkubernetescontinuous integrationsoftware developmentaicloud platformscloud technologiesdocker
devops engineer,DevOps Engineer,Accenture,Bengaluru,3-6 Yrs,,devops engineerkubernetescontinuous integrationsoftware developmentaicloud platformscloud technologiesdocker,3.0,6.0,4.5,,,Bengaluru,DevOps/Cloud,devops engineerkubernetescontinuous integrationsoftware developmentaicloud platformscloud technologiesdocker
devops engineer,DevOps Engineer,Accenture,Bengaluru,3-6 Yrs,,devops engineerkubernetescontinuous integrationsoftware developmentATCI-5327489-S1942864aicloud platformscloud technologies,3.0,6.0,4.5,,,Bengaluru,DevOps/Cloud,devops engineerkubernetescontinuous integrationsoftware developmentatci-5327489-s1942864aicloud platformscloud technologies
devops engineer,Devops Engineer,HCLTech,"Chennai, Bengaluru",5-7 Yrs,9-14 Lacs PA,Azure CloudCi/CdDevopsAWSKubernetespythonPowershellBash,5.0,7.0,6.0,9.0,14.0,Chennai,DevOps/Cloud,azure cloudci/cddevopsawskubernetespythonpowershellbash
devops engineer,Devops Engineer,Tata Consultancy Services,,,,TerraformAnsibleCi/CdJenkinsDockerKubernetesContinuous IntegrationCd,,,,,,nan,DevOps/Cloud,terraformansibleci/cdjenkinsdockerkubernetescontinuous integrationcd
devops engineer,DevOps Engineer,Accenture,Bengaluru,3-6 Yrs,,devops engineerkubernetescontinuous integrationweb servicesamazon web servicesdocker swarmcloud technologiesdocker,3.0,6.0,4.5,,,Bengaluru,DevOps/Cloud,devops engineerkubernetescontinuous integrationweb servicesamazon web servicesdocker swarmcloud technologiesdocker
devops engineer,GCP Devops Engineer,Infinity Quest,"Hybrid - Hyderabad, Chennai, Bengaluru",7-12 Yrs,,GCP DevopsIaCCompute EngineCloud StorageCloud SQLBigQueryDockerKubernetes Engine,7.0,12.0,9.5,,,Hybrid - Hyderabad,DevOps/Cloud,gcp devopsiaccompute enginecloud storagecloud sqlbigquerydockerkubernetes engine
devops engineer,GCP Devops Engineer,Manpowergroup Services India,"Hybrid - Hyderabad, Pune, Bengaluru",6-10 Yrs,,Agile MethodologyContainerizationIacCi/CdGoogle Cloud PlatformsTerraformCommunication & CollaborationVersion Control Systems Svn,6.0,10.0,8.0,,,Hybrid - Hyderabad,DevOps/Cloud,agile methodologycontainerizationiacci/cdgoogle cloud platformsterraformcommunication & collaborationversion control systems svn
devops engineer,DevOps Engineer,Accenture,Pune,3-6 Yrs,,devopscontainerkubernetespythonnagiosci/cdmicrosoft azuregoogle,3.0,6.0,4.5,,,Pune,DevOps/Cloud,devopscontainerkubernetespythonnagiosci/cdmicrosoft azuregoogle
devops engineer,DevOps Engineer,Accenture,Bengaluru,5-10 Yrs,,devops engineercloudcontinuous integrationsapsoftware developmentdevopscompliancecontinuous deployment,5.0,10.0,7.5,,,Bengaluru,DevOps/Cloud,devops engineercloudcontinuous integrationsapsoftware developmentdevopscompliancecontinuous deployment
devops engineer,Devops Engineer,URS Systems,"Noida, Gurugram, Bengaluru",4-9 Yrs,,DockerShell ScriptingAnsiblePythonKubernetesAws DevopsTerraformLinux,4.0,9.0,6.5,,,Noida,DevOps/Cloud,dockershell scriptingansiblepythonkubernetesaws devopsterraformlinux
devops engineer,DevOps Engineer,Accenture,Pune,15-20 Yrs,,continuous integrationcopadoci/cdsalesforcedevopscontainerkubernetespython,15.0,20.0,17.5,,,Pune,DevOps/Cloud,continuous integrationcopadoci/cdsalesforcedevopscontainerkubernetespython
devops engineer,Devops Engineer,IGT Solutions,"Hybrid - Pune, Gurugram",5-8 Yrs,,Ansible AutomationCi Cd PipelineJenkins CiAzure DevopsLinux SystemDockerTerraformKubernetes,5.0,8.0,6.5,,,Hybrid - Pune,DevOps/Cloud,ansible automationci cd pipelinejenkins ciazure devopslinux systemdockerterraformkubernetes
devops engineer,Devops Engineer,Quest Global,Hybrid - Bengaluru,5-8 Yrs,15-20 Lacs PA,Ci/CdCmakeLinuxmakefileGitlabBashConanJIRA,5.0,8.0,6.5,15.0,20.0,Hybrid - Bengaluru,DevOps/Cloud,ci/cdcmakelinuxmakefilegitlabbashconanjira
devops engineer,Devops Engineer - Bhubaneshwar,Gravity Engineering Services,Bhubaneswar,4-7 Yrs,9-13 Lacs PA,DevopsJenkinsTerraformGCPPrometheusCi/CdAWSKubernetes,4.0,7.0,5.5,9.0,13.0,Bhubaneswar,DevOps/Cloud,devopsjenkinsterraformgcpprometheusci/cdawskubernetes
devops engineer,Devops Engineer(Python),Tata Consultancy Services,Hyderabad,8-13 Yrs,,Ci/CdDevopsPythonCdCdContinuous Integration,8.0,13.0,10.5,,,Hyderabad,DevOps/Cloud,ci/cddevopspythoncdcdcontinuous integration
devops engineer,DevOps Engineer,Accenture,Bengaluru,3-6 Yrs,,kubernetesdockerdevopsterraformawscontainercontinuous integrationci/cd,3.0,6.0,4.5,,,Bengaluru,DevOps/Cloud,kubernetesdockerdevopsterraformawscontainercontinuous integrationci/cd
devops engineer,Devops Engineer,Careernet,Ghaziabad,3-5 Yrs,,JenkinsMavenDevOpsGCPCICDAmazon Elastic CloudAzure CloudKubernetes,3.0,5.0,4.0,,,Ghaziabad,DevOps/Cloud,jenkinsmavendevopsgcpcicdamazon elastic cloudazure cloudkubernetes
devops engineer,DevOps Engineer,Accenture,Bengaluru,3-6 Yrs,,devops engineerkubernetescontinuous integrationsoftware developmentaicloud platformscloud technologiesdocker,3.0,6.0,4.5,,,Bengaluru,DevOps/Cloud,devops engineerkubernetescontinuous integrationsoftware developmentaicloud platformscloud technologiesdocker
devops engineer,DevOps Engineer,Accenture,Bengaluru,3-8 Yrs,,kubernetesdockersalesforcedevopsjenkinscontinuous integrationpythonversion control,3.0,8.0,5.5,,,Bengaluru,DevOps/Cloud,kubernetesdockersalesforcedevopsjenkinscontinuous integrationpythonversion control
devops engineer,DevOps Engineer,Accenture,Bengaluru,3-6 Yrs,,devops engineerkubernetescontinuous integrationsoftware developmentaicloud platformscloud technologiesdocker,3.0,6.0,4.5,,,Bengaluru,DevOps/Cloud,devops engineerkubernetescontinuous integrationsoftware developmentaicloud platformscloud technologiesdocker
devops engineer,DevOps Engineer,Accenture,Bengaluru,3-6 Yrs,,devops engineerkubernetescontinuous integrationsoftware developmentaicloud platformscloud technologiesdocker,3.0,6.0,4.5,,,Bengaluru,DevOps/Cloud,devops engineerkubernetescontinuous integrationsoftware developmentaicloud platformscloud technologiesdocker
devops engineer,DevOps Engineer,Accenture,Bengaluru,3-6 Yrs,,devops engineerkubernetescontinuous integrationsoftware developmentATCI-5327489-S1942864aicloud platformscloud technologies,3.0,6.0,4.5,,,Bengaluru,DevOps/Cloud,devops engineerkubernetescontinuous integrationsoftware developmentatci-5327489-s1942864aicloud platformscloud technologies
devops engineer,Devops Engineer,HCLTech,"Chennai, Bengaluru",5-7 Yrs,9-14 Lacs PA,Azure CloudCi/CdDevopsAWSKubernetespythonPowershellBash,5.0,7.0,6.0,9.0,14.0,Chennai,DevOps/Cloud,azure cloudci/cddevopsawskubernetespythonpowershellbash
devops engineer,Devops Engineer,Tata Consultancy Services,,,,TerraformAnsibleCi/CdJenkinsDockerKubernetesContinuous IntegrationCd,,,,,,nan,DevOps/Cloud,terraformansibleci/cdjenkinsdockerkubernetescontinuous integrationcd
devops engineer,DevOps Engineer,Accenture,Bengaluru,3-6 Yrs,,devops engineerkubernetescontinuous integrationweb servicesamazon web servicesdocker swarmcloud technologiesdocker,3.0,6.0,4.5,,,Bengaluru,DevOps/Cloud,devops engineerkubernetescontinuous integrationweb servicesamazon web servicesdocker swarmcloud technologiesdocker
devops engineer,GCP Devops Engineer,Infinity Quest,"Hybrid - Hyderabad, Chennai, Bengaluru",7-12 Yrs,,GCP DevopsIaCCompute EngineCloud StorageCloud SQLBigQueryDockerKubernetes Engine,7.0,12.0,9.5,,,Hybrid - Hyderabad,DevOps/Cloud,gcp devopsiaccompute enginecloud storagecloud sqlbigquerydockerkubernetes engine
devops engineer,GCP Devops Engineer,Manpowergroup Services India,"Hybrid - Hyderabad, Pune, Bengaluru",6-10 Yrs,,Agile MethodologyContainerizationIacCi/CdGoogle Cloud PlatformsTerraformCommunication & CollaborationVersion Control Systems Svn,6.0,10.0,8.0,,,Hybrid - Hyderabad,DevOps/Cloud,agile methodologycontainerizationiacci/cdgoogle cloud platformsterraformcommunication & collaborationversion control systems svn
devops engineer,DevOps Engineer,Accenture,Pune,3-6 Yrs,,devopscontainerkubernetespythonnagiosci/cdmicrosoft azuregoogle,3.0,6.0,4.5,,,Pune,DevOps/Cloud,devopscontainerkubernetespythonnagiosci/cdmicrosoft azuregoogle
devops engineer,DevOps Engineer,Accenture,Bengaluru,5-10 Yrs,,devops engineercloudcontinuous integrationsapsoftware developmentdevopscompliancecontinuous deployment,5.0,10.0,7.5,,,Bengaluru,DevOps/Cloud,devops engineercloudcontinuous integrationsapsoftware developmentdevopscompliancecontinuous deployment
devops engineer,Devops Engineer,URS Systems,"Noida, Gurugram, Bengaluru",4-9 Yrs,,DockerShell ScriptingAnsiblePythonKubernetesAws DevopsTerraformLinux,4.0,9.0,6.5,,,Noida,DevOps/Cloud,dockershell scriptingansiblepythonkubernetesaws devopsterraformlinux
devops engineer,DevOps Engineer,Accenture,Pune,15-20 Yrs,,continuous integrationcopadoci/cdsalesforcedevopscontainerkubernetespython,15.0,20.0,17.5,,,Pune,DevOps/Cloud,continuous integrationcopadoci/cdsalesforcedevopscontainerkubernetespython
devops engineer,Devops Engineer,IGT Solutions,"Hybrid - Pune, Gurugram",5-8 Yrs,,Ansible AutomationCi Cd PipelineJenkins CiAzure DevopsLinux SystemDockerTerraformKubernetes,5.0,8.0,6.5,,,Hybrid - Pune,DevOps/Cloud,ansible automationci cd pipelinejenkins ciazure devopslinux systemdockerterraformkubernetes
